{
  "validation": {
    "accuracy": 0.8706666666666667,
    "precision": 0.854381443298969,
    "recall": 0.8911290322580645,
    "f1": 0.8723684210526316
  },
  "test": {
    "accuracy": 0.8705,
    "precision": 0.8460019743336624,
    "recall": 0.8927083333333333,
    "f1": 0.868727825646224
  },
  "train_samples": 10000,
  "test_samples": 2000
}